Country,ID ,1970,1971,1972,1973,1974,1975,1976,1977,1978,1979,1980,1981,1982,1983,1984,1985,1986,1987,1988,1989,1990,1991,1992,1993,1994,1995,1996,1997,1998,1999,2000,2001,2002,2003,2004,2005,2006,2007,2008,2009,2010,2011,2012,2013,2014,2015,2016
Aruba,ABW,,,,,,,,,,,,,,,,,,,,,,,,,,,,,,28.06677,29.65608,29.05586,26.69797,26.75628,26.30441,31.68347,30.90319,33.92613,35.24049,35.36232,37.3577,38.73762,37.75569,16.19583,16.40542,,
Afghanistan,AFG,0.76817,0.92394,0.95241,1.09745,1.0262,1.08012,1.22264,1.35827,1.74661,1.88179,,,1.74412,,,,2.2043,1.74343,,,2.27317,,,,,,,,,,,,,1.25684,1.25603,,,,,3.90339,,3.75598,,,8.6628,,
Angola,AGO,,,,,,,,,,,,,,,,,,,0.56556,0.54655,0.56828,0.57273,0.53528,,,,,,0.59801,0.54596,,,0.79668,2.95168,2.21985,2.74878,2.69178,,,,,6.94609,,9.92357,,,
Albania,ALB,,13.90859,14.92861,,,,,,5.83172,,,5.18966,,5.92632,6.56027,7.02624,7.22159,7.32742,7.73881,8.14989,8.36911,8.85993,9.29417,11.18874,10.64775,10.22034,10.96305,12.73376,13.59476,14.80504,15.60373,15.97496,16.43171,16.80556,20.05554,23.3111,26.62044,30.65367,32.0778,33.40075,44.54065,49.6704,58.56549,62.54776,62.70685,58.10995,
Andorra,AND,,,,,,,,,,,,,,,,,,,,,,,,,,,,,,,,,,,,,,,,,,,,,,,
Arab World,ARB,,,,,,,,,,,,,,,,,,,,,,,,,,,,,,,,,,,,,,,,,,,,,,,
United Arab Emirates,ARE,,,,,,,,,0.60897,1.07602,1.61116,2.99999,3.46931,4.41511,5.74558,6.87181,8.06492,8.28999,7.96206,6.50758,6.52536,7.18443,6.44165,6.11316,,,,,,,,,,,,,,,,,,,,,,,
Argentina,ARG,13.40615,15.37015,16.44404,19.48681,22.5432,26.71619,26.81933,23.87802,21.23912,22.13987,21.72821,23.17509,23.96019,24.99454,28.84491,35.6461,37.51217,39.27063,,,,38.224,,,36.78814,,,,46.08939,47.97648,53.17574,58.33249,62.23301,64.80724,65.23639,63.78537,66.8311,66.35091,68.14136,70.53329,73.9392,77.45389,78.97288,79.9867,82.91739,,
Armenia,ARM,,,,,,,,,,,,,,,,,17.5669,,18.79902,20.45327,23.24662,25.42109,25.40696,23.06499,19.11834,19.01829,16.8175,22.47459,33.10497,34.6209,34.85656,32.81435,35.23866,36.20452,36.79805,38.36659,41.76502,44.33067,46.59685,49.14134,50.6443,51.00142,43.91448,43.3109,44.25461,44.3095,
American Samoa,ASM,,,,,,,,,,,,,,,,,,,,,,,,,,,,,,,,,,,,,,,,,,,,,,,
Antigua and Barbuda,ATG,,,,,,,,,,,,,,,,,,,,,,,,,,,,,,,,,,,,,,,,14.81005,16.23196,14.36836,23.48624,,,,
Australia,AUS,15.76842,17.03279,18.30623,19.50227,21.71735,23.17725,23.9735,24.3401,24.68697,24.91366,25.07077,25.50539,25.56135,26.27422,26.90188,27.78528,29.35474,29.49725,31.27887,32.4088,35.08403,38.01018,39.38841,65.06017,66.48654,70.20424,75.16773,80.42782,68.47368,67.28881,67.03891,67.00505,75.75243,73.39426,71.69843,72.29192,71.48292,72.51995,72.91854,76.76537,80.91708,83.47076,85.41392,86.55455,90.3065,,
Austria,AUT,,12.21125,13.69206,15.13975,16.02932,16.71045,18.58124,19.31442,19.75102,20.45332,21.39269,22.32932,22.49537,23.02133,23.97762,25.56061,26.74004,27.85111,29.40321,30.62069,32.57229,34.73541,37.66069,39.82633,42.32713,45.04553,47.56636,49.6473,52.48339,54.51761,56.57258,56.80604,46.53516,46.42352,47.20039,47.78224,49.41303,51.22852,56.14998,60.71658,68.73218,71.0109,72.31488,80.38679,79.99864,81.54051,
Azerbaijan,AZE,,,,,,,,,,,,23.84296,,,,,24.38807,,25.10751,23.97125,23.34831,23.65213,24.28284,21.47215,18.74535,17.83369,17.5665,17.20255,,,,,,,,,19.78946,19.3646,19.04789,19.05771,19.26004,19.64731,20.43846,21.44043,23.15973,25.4832,
Burundi,BDI,,0.17294,0.17623,0.16586,0.24333,0.24971,0.29852,,,0.45545,0.45848,0.46846,0.50742,,0.57441,0.59304,0.64706,0.62868,0.7428,0.74254,0.70307,0.78715,0.84651,0.94783,,,,,0.90639,0.99475,1.1574,1.12701,1.76206,,2.28262,2.30535,2.30873,2.35823,2.54795,2.71314,3.14944,2.9819,3.66913,4.40817,,,
Belgium,BEL,,16.86411,17.37737,19.42843,20.45516,20.72825,,,24.00634,25.26453,24.82541,24.32408,26.33541,27.13496,28.22408,30.95516,31.76913,33.19423,34.33978,36.04118,38.33956,39.91775,,45.82559,48.89459,54.39588,56.23701,,,56.69519,57.54978,58.24527,59.11627,59.86478,61.24803,61.4042,61.95886,61.34977,62.10217,65.19814,67.71092,69.72563,71.24437,72.30957,73.3188,,
Benin,BEN,,0.12916,0.23682,0.43135,0.7092,0.6848,0.74002,0.98374,1.08719,0.96413,1.04869,1.4389,1.71054,1.85384,1.91716,1.9843,2.37757,2.25545,2.18883,2.32853,2.12248,2.42084,2.27115,2.04861,2.09159,2.08965,2.06138,2.51079,,3.22963,3.68104,4.46439,5.26469,5.81991,5.87204,5.78435,6.64193,7.90372,7.78705,9.87006,13.25991,12.36512,13.42122,15.36278,,,
Burkina Faso,BFA,,0.03754,0.04693,0.05495,0.08602,0.1012,0.20179,0.18334,0.22276,0.22923,0.21322,0.27835,0.42615,0.50091,0.53962,0.59314,0.61182,0.63895,0.67857,0.75443,0.75606,0.70098,0.93005,1.08194,1.05425,1.09778,1.05427,0.96924,,0.99911,,1.15666,1.41188,1.60139,,2.30758,2.44097,2.61182,3.1801,3.53254,3.57863,4.14645,4.55828,4.77591,,,
Bangladesh,BGD,2.13191,,2.45836,2.569,3.36334,,2.78191,2.97602,2.35885,3.31323,3.18955,3.0366,3.72875,4.58003,4.92659,4.98269,4.8439,4.19086,3.60017,3.56093,4.08801,,,,,,,,,5.45656,5.44534,6.42692,6.13079,6.1778,5.6943,6.23527,7.12193,7.67804,8.60793,10.52058,,13.28069,13.38656,,13.4408,,
Bulgaria,BGR,,14.28135,15.54001,17.1831,18.08501,19.1207,19.51288,19.84435,22.09384,18.33872,17.15371,16.18264,15.70399,15.46626,16.03153,17.06952,18.7382,20.78952,22.58201,25.04839,26.1976,31.03787,30.44895,31.91852,33.68542,36.51943,41.08354,43.17401,43.073,45.20163,44.4913,43.01794,40.86594,41.52048,41.93651,44.27005,45.81989,49.52778,51.35054,54.11346,58.011,59.62536,62.74134,66.53834,70.78563,73.9342,
Bahrain,BHR,,1.51349,1.43172,1.43188,2.23881,2.23858,2.19516,3.52137,3.25188,2.7642,3.22288,4.6775,5.88442,,,12.15382,12.70942,9.54003,13.28916,,,17.23593,16.96657,17.58244,16.80569,16.59305,17.618,,,21.36655,,,,29.4261,,25.57451,24.44087,,,,,42.83734,41.08677,36.45136,36.83768,37.37534,
"Bahamas, The",BHS,,,,,,,,30.13203,27.53458,25.74853,18.71833,16.35172,15.19963,11.63673,13.54892,15.00416,17.45378,19.36624,20.94272,,,,,,,15.05303,,,,,,,,,,,,,,,,,,,,,
Bosnia and Herzegovina,BIH,,,,,,,,,,,,,,,,,,,,,,,,,,,,,,,,,,,,,,,,,,,,,,,
Belarus,BLR,,40.93049,,,,,37.03194,,,,37.80643,39.22813,39.5548,40.74359,42.055,43.74473,44.74735,45.76442,46.70534,47.33892,48.77966,47.6523,43.86241,43.34129,41.43178,40.50616,44.69694,45.36336,49.40041,52.30475,54.61008,56.89665,59.36821,62.12061,64.34112,67.07857,69.44775,71.59917,71.24412,74.45832,79.42101,85.70139,90.43713,91.02977,88.85703,87.94074,
Belize,BLZ,,1.03272,0.84567,,0.8954,0.94171,,,,,,,,,,,,,,,,,,,,,,,,,,14.6663,16.50701,15.84018,15.40739,16.03016,17.03046,18.18984,19.10354,22.41008,21.87334,21.92109,24.3329,24.1848,,23.29035,
Bermuda,BMU,,,,,,,,,,7.69918,9.9631,10.59972,,,,,,,,,,,,,,,,,,,,,,,,,30.01988,26.17433,25.92593,32.11095,29.81673,31.16544,30.8026,29.5616,27.45973,24.3007,
Bolivia,BOL,8.36535,7.53487,6.97621,7.45481,9.27635,,,,,,,,,,,,,,,20.30831,,,,,,,24.93843,,28.71237,,,,,,,,,,,,,,,,,,
Brazil,BRA,,,,,,,,,,,,,,,,,,,,,,,,,,,,,,16.08416,,18.15428,20.69567,23.21699,24.49124,25.98963,,30.78669,35.5621,37.0384,,43.45983,45.23902,46.44658,49.27984,,
Barbados,BRB,,3.20871,4.21156,5.10155,5.54338,,,,,,,14.4185,17.57233,,18.62752,19.365,,,,16.81125,16.75488,26.12436,27.39312,25.50796,,,,,,34.97016,40.58102,39.82332,,,,,,59.74332,,75.71625,69.81481,65.43223,,,,,
Brunei Darussalam,BRN,,,,,,,,1.95188,,2.16195,,,,1.01311,2.88635,,2.91465,4.31763,,,,,5.39973,5.57088,5.82051,,,,9.77842,12.01868,12.69113,14.24573,13.98146,14.16464,14.93258,14.8333,14.75752,15.24612,15.95436,16.97945,15.65481,17.62656,22.5535,24.28567,31.72534,30.84478,
Bhutan,BTN,,,,,,,,,0.40493,0.74139,0.8819,,,0.73899,,,,,,,,,,,,,,,,2.74631,,,,,,4.74385,4.98766,5.39844,6.46123,6.27748,7.00768,8.74156,9.4413,10.92693,,,
Botswana,BWA,0,0,0.28741,0.33206,0.37057,0.57319,0.62035,0.70901,0.84307,0.92334,1.12451,1.1846,1.34047,1.42651,1.64241,1.83223,2.18675,2.43726,,,,4.18507,,4.93633,5.36797,5.07266,5.4424,,5.79408,6.12051,6.87933,7.4302,7.75759,9.00992,9.49266,9.16608,10.00276,10.18007,14.17216,21.72014,19.1717,17.13015,18.07154,25.00771,27.51322,,
Central African Republic,CAF,,0.10346,,,0.23944,0.25412,0.3979,0.42958,0.56713,0.80773,1.10165,0.87434,1.25099,1.02358,1.10318,1.11598,1.13891,1.03374,1.14172,1.25114,1.38643,1.49032,1.38701,,,,,,,1.88852,1.8621,,,,1.70155,,1.12782,,2.27611,2.44476,2.55826,2.98682,2.77416,,,,
Canada,CAN,,,,,,,47.91064,,,,,,,,,,70.31245,,,82.71454,90.09741,95.06687,97.09278,87.73651,89.59412,90.03556,88.72125,,59.2148,59.98928,58.88359,,,,,,,,,,,,,,,,
Central Europe and the Baltics,CEB,,,,,,,,,,,,,,,,,,,,,,,,,,,,,,,,,,,,,,,,,,,,,,,
Switzerland,CHE,,10.03851,10.56786,11.34902,12.3944,13.14851,13.8285,15.67804,16.32583,17.11934,17.82334,18.455,18.75094,18.73803,19.31886,20.97693,21.53112,22.56767,23.27373,23.90391,25.51446,26.77424,28.05637,29.1539,30.39728,31.27466,32.33363,,35.21578,36.91282,37.69381,39.68128,40.85056,43.9405,45.50631,45.7146,46.44491,47.13522,48.71183,50.01467,52.79274,54.33827,55.4999,56.31102,57.22953,,
Channel Islands,CHI,,,,,,,,,,,,,,,,,,,,,,,,,,,,,,,,,,,,,,,,,,,,,,,
Chile,CHL,8.98231,11.15773,13.5504,15.09961,14.52149,14.60658,12.79343,12.30186,11.97341,11.40607,12.77613,,13.40067,14.8586,15.46105,15.91523,17.02348,17.64482,18.4042,,,20.88332,23.95668,26.40921,27.46032,28.31517,30.44475,31.6308,33.76574,37.30878,37.14742,,41.74812,44.59429,44.75781,49.99465,48.6195,54.31215,57.25669,61.8706,69.67411,75.04631,79.44691,83.81644,86.6307,88.57729,
China,CHN,0.13114,,,0.2123,0.3479,0.48846,0.57897,0.653,0.72395,0.98874,1.15503,1.81824,,,2.05269,2.47547,3.01684,3.15727,3.12478,3.03243,3.01247,2.93091,2.84389,2.93091,3.66664,4.46107,4.99665,5.45091,5.97588,6.50995,7.72048,9.95131,12.79104,15.6358,17.91103,19.33586,20.49769,20.84453,20.93998,22.51596,23.94792,24.87281,27.18443,30.16207,39.39039,43.39177,
Cote d'Ivoire,CIV,,1.01277,1.03658,1.23485,1.28518,,1.37462,1.59249,1.77646,2.06325,2.26828,2.94304,2.68181,,2.45248,2.4342,,2.68253,,,,,2.75285,3.31033,4.17028,4.17693,,6.47986,,6.64338,,,,,,,,9.41855,8.91781,8.77849,8.06917,3.59933,,8.6177,8.68021,9.15527,
Cameroon,CMR,,0.46451,0.58333,0.74436,0.89876,1.02515,,,,1.58269,1.77051,1.57492,1.63079,1.6987,1.89112,2.08017,,2.3449,2.51364,2.50492,2.85826,3.15683,,,,,,,,4.87552,4.61445,4.62893,5.05579,5.0908,5.05879,5.80822,6.75809,7.20375,7.81626,8.96291,11.03824,11.92603,12.91421,15.05824,16.00612,17.4779,
"Congo, Dem. Rep.",COD,,0.66492,0.79531,0.83703,0.93766,1.04619,1.20077,1.20269,1.2357,1.25433,1.14172,1.18129,1.36961,1.2898,1.47198,1.44229,1.48136,1.61419,1.81247,2.04675,2.1498,2.50191,,,,2.51897,,,,1.46052,,,,,,,4.38502,4.39248,5.50516,6.50257,,7.8145,7.92246,6.64076,,,
"Congo, Rep.",COG,,1.59449,1.28006,1.75001,2.07084,2.34157,2.44622,2.76817,3.24262,3.75521,4.56171,4.66686,5.51867,5.65491,5.76044,5.80913,5.73191,5.70771,6.03562,4.9923,4.9037,4.81268,5.2446,5.80072,,,,,,3.65785,5.18898,4.34357,3.88178,3.88536,,,,,,6.55395,,9.11577,10.43946,9.7188,,,
Colombia,COL,3.98479,4.43143,5.00469,5.39898,5.93662,6.8302,7.38196,8.41316,8.72233,8.93144,8.76352,9.9877,10.24977,10.57333,10.95176,11.07277,11.64251,12.04423,12.71379,13.32589,13.87662,14.69288,15.42357,15.65476,16.20477,16.14718,17.27685,20.27735,22.64175,22.17126,23.1945,23.92046,23.96557,,26.61448,29.18513,31.33164,32.63217,35.24565,37.07863,39.4091,43.50296,46.21575,50.10382,53.27894,55.58969,
Comoros,COM,,,,,,,,,,,,,,,,,,,,,0.68614,,0.60393,0.60336,,,0.83499,,,1.33674,1.41456,,,3.01633,,,,4.05386,,5.8009,5.69981,7.90915,8.59989,8.68263,8.92842,,
Cabo Verde,CPV,,,,,,,,,,,,,,,,,,,,,,,,,,,,,,1.85462,2.01277,1.70916,4.06176,4.6917,6.09223,7.4614,8.31694,9.29754,11.4716,14.46662,17.30556,20.08602,20.12141,22.31138,22.98218,21.70782,
Costa Rica,CRI,8.77463,9.78742,10.57928,11.69289,,,,,21.08419,21.362,20.70071,21.36934,20.90646,20.54422,20.79908,21.90788,22.87523,24.73472,24.73264,26.40582,26.74859,28.87718,31.40509,,,,,,,,,,,,27.28142,,,,,,,47.17974,49.32474,50.00853,53.03828,53.62966,
Caribbean small states,CSS,,,,,,,,,,,,,,,,,,,,,,,,,,,,,,,,,,,,,,,,,,,,,,,
Cuba,CUB,,3.71005,4.98046,6.32572,6.99995,8.48014,10.28593,13.5254,15.65659,16.39911,16.94817,16.17398,16.11424,15.74985,16.80586,18.05868,19.91554,21.94822,22.65875,21.76706,21.12831,21.16642,19.71936,17.73106,16.30949,13.74732,12.87648,12.82907,13.12515,20.63831,22.36266,25.57953,27.35268,33.14499,54.39498,62.86386,87.65174,107.447,119.7787,116.8555,97.0581,82.49692,64.45275,49.39965,40.99976,36.2804,
Curacao,CUW,,,,,,,,,,,,,,,,,,,,,,,,,,,,,,,,,,,,,,,,,,,,,,,
Cayman Islands,CYM,,,,,,,,,,,,,,,,,,,,,,,,,,,,,,,,,,,,,,,,,,,,,,,
Cyprus,CYP,,1.30066,1.46038,1.59918,1.42483,,,,1.71267,2.19646,2.24613,2.86834,3.02886,2.80085,3.40533,3.96423,4.83485,5.42948,6.7551,7.93447,9.02724,10.12467,9.24698,14.07258,15.02813,17.01657,19.17956,20.9354,,21.03242,19.56232,21.61252,25.10229,31.96361,35.86369,33.22082,33.41991,36.17381,42.618,52.00389,48.31158,46.53973,45.86359,47.52524,53.10435,60.10123,
Czech Republic,CZE,,,,,,,,,,,,,,,,,,,,,,,,,,,,,,,,,,,,,,,,,,,,,,,
Germany,DEU,,,,,,,,,,,,,,,,,,,,,,33.57223,35.24606,39.15955,42.20741,45.03332,46.68942,47.65801,,,,,,,,,,,,,,,,61.05642,65.4738,68.26559,
Djibouti,DJI,,,,,,,0,,,,,0,,,,,0,,,,,0,0.09379,0.10605,0.12782,,0.20963,0.24919,,0.25185,0.268,0.69284,1.02132,1.28104,1.59779,2.33535,2.5528,2.75602,2.75637,3.43751,3.44151,4.98506,,,,,
Dominica,DMA,,,,,,,,,,,,0.7417,,,0.68332,0.71293,,,,0.84179,,5.88799,9.4649,7.22496,,,,,,,,,,,,,,,,,,,,,,,
Denmark,DNK,,18.85829,22.06874,25.37406,27.66629,28.54543,30.06052,30.17592,31.94283,28.27469,28.38111,28.2725,27.96577,28.5613,28.77197,28.83612,29.11192,29.63173,30.61252,31.87901,34.12242,36.48846,38.66211,42.74794,44.68538,45.47641,47.83077,,52.48291,55.84922,57.2493,60.02826,63.53427,67.53456,74.43657,80.42349,79.06494,78.58489,75.70344,74.30094,73.61965,76.80115,79.25263,81.23703,81.51647,,
Dominican Republic,DOM,,6.27532,7.64728,8.24127,,8.92101,,,,,,,,,,,18.71137,,,,,,,,,,,22.56205,,,,,,33.32451,,,,,,,,,46.72693,,47.51576,,
Algeria,DZA,,,,,,,,,,,,,,,,,,8.99711,8.81953,,10.24525,10.96181,11.09426,10.9375,10.42015,10.10529,11.36206,,,13.65025,,15.56346,17.27211,18.47307,19.04336,20.76147,21.23004,23.48819,,29.81872,29.83456,31.20259,32.23133,33.96576,34.59381,36.92228,
East Asia & Pacific (excluding high income),EAP,,,,,,,,,,,,,,,,,,,,,,,,,,,,,,,,,,,,,,,,,,,,,,,
Early-demographic dividend,EAR,,,,,,,,,,,,,,,,,,,,,,,,,,,,,,,,,,,,,,,,,,,,,,,
East Asia & Pacific,EAS,3.154540062,3.04715991,3.155800104,3.243449926,3.513950109,3.813299894,4.097360134,4.293190002,4.653699875,5.071320057,5.372630119,5.782820225,6.2260499,6.427609921,6.741849899,7.00248003,7.183110237,7.318940163,7.219130039,7.328320026,7.390540123,7.548220158,7.698420048,8.431139946,9.424559593,10.35109997,11.26177979,12.38469982,13.19882965,14.34922028,15.48797035,17.06562042,19.0017395,20.82287979,22.33647919,23.31907082,24.02511978,24.46571922,24.98200989,26.39163017,27.77983093,29.03096962,31.09248924,33.30796051,39.14772034,,
Europe & Central Asia (excluding high income),ECA,,,,,,,,,,,,,,,,,,,,,,,,,,,,,,,,,,,,,,,,,,,,,,,
Europe & Central Asia,ECS,24.66592026,24.62684059,24.93479919,25.36232948,25.66297913,26.24435997,26.91518021,27.35218048,27.69444084,27.62162971,27.72887993,27.81668091,28.06094933,28.48019981,28.98937988,29.69276047,30.16794968,30.57692909,31.01906013,31.62936974,32.39738846,33.14554977,33.74649811,34.66744995,36.16450119,37.07670975,38.48942184,40.18471146,41.23218918,43.13299942,45.06764984,47.6705513,50.19638062,52.74497986,54.00104141,55.7300415,57.14422989,58.05522156,58.81887817,59.93600845,61.45275116,62.56124115,63.39250946,64.4754715,65.08072662,,
Ecuador,ECU,,7.07043,7.50508,9.34382,,20.31706,24.51605,,,31.23387,33.22273,34.12688,32.13796,30.42789,30.98588,31.73006,,,28.26251,24.79635,19.54109,19.95831,,,,18.18045,,18.61373,,,,,,,,,,,38.68355,,,,39.86351,40.48086,,,
"Egypt, Arab Rep.",EGY,,7.12903,8.05757,9.3814,10.6469,12.0571,13.65237,15.48241,16.05093,16.10652,16.49248,17.40199,18.48642,19.20665,19.86974,18.66448,18.61829,18.79256,18.46659,15.90766,14.89008,12.62086,,,,,,,,30.67883,,29.57976,30.53313,27.35323,28.53964,29.72221,29.42542,29.71483,29.39897,29.94859,30.89981,26.51665,27.61831,30.31733,31.67899,36.22854,
Euro area,EMU,,,,,,,,,,,,,,,,,,,,,,,,,,,,,,,,,,,,,,,,,,,,,,,
Eritrea,ERI,,,,,,,,,,,,,,,,,,,,,,,,,,1.09988,1.04154,,0.96239,1.16984,1.13706,1.41792,1.321,,1.02662,,,,,1.92063,2.32967,,,,2.56538,,
Spain,ESP,,8.66966,9.64555,14.12041,15.38075,16.80931,19.46468,20.29546,22.45462,20.79668,21.99233,22.02445,22.46315,23.10409,24.78607,26.13376,28.54908,29.87212,31.76167,33.72924,35.58681,37.08031,39.32512,41.24413,44.11338,45.80431,47.75461,50.6267,52.91349,55.10913,57.81139,59.86966,61.68689,64.08547,66.22701,67.30137,68.6917,69.70449,71.33024,73.72838,78.67029,83.42099,85.54599,87.06577,89.07212,89.67014,
Estonia,EST,,,,,,,,,,,,23.24225,,,,,22.01343,,22.1032,22.91523,24.75364,24.35973,24.52201,23.53009,24.40293,25.44966,40.18654,44.06196,47.31932,49.61376,54.54351,58.66144,61.53409,64.39517,66.1825,67.91417,67.86591,67.67007,66.44314,66.63711,68.18856,70.36909,72.10183,72.92471,71.37691,69.55043,
Ethiopia,ETH,,0.17487,0.18867,0.14708,0.23769,,,0.24477,0.37735,0.46244,0.51301,0.48831,0.49943,0.52349,0.50494,,0.80311,0.86014,0.80462,0.82586,0.84975,0.82703,,,0.62026,0.67297,0.69759,0.81629,0.85579,0.95214,1.18812,1.47021,1.64377,2.28908,2.5608,2.75162,,,3.53653,5.24738,7.33229,7.75743,8.14473,,8.12604,,
European Union,EUU,,,,,,,,,,,,,,,,,,,,,,,,,,,,,,,,,,,,,,,,,,,,,,,
Fragile and conflict affected situations,FCS,,,,,,,,,,,,,,,,,,,,,,,,,,,,,,,,,,,,,,,,,,,,,,,
Finland,FIN,,13.13405,13.65118,14.29139,15.73027,16.95479,27.65062,29.39535,30.68853,31.29347,31.75723,32.15225,32.66587,33.40468,31.49282,31.96208,34.10874,36.08157,38.1305,41.01773,44.50114,48.92793,52.99056,59.43059,64.0804,67.49277,70.43665,73.49979,79.28385,81.49202,82.43907,84.43053,84.95935,87.07688,89.66361,91.82864,93.28768,93.97794,95.07446,91.8295,94.11914,95.60184,93.28063,91.06579,88.67155,87.2897,
Fiji,FJI,0.67607,1.00324,1.22453,1.50375,1.97141,2.58702,,,,,2.37325,2.4586,2.7248,,2.57398,3.13118,3.0605,,,5.14267,,11.79102,,,,,,,,,,,,15.77713,15.95223,16.1371,,,,,,,,,,,
France,FRA,,18.54129,19.6286,21.39457,22.21249,23.53367,24.69234,24.80831,25.84291,24.23815,25.12804,25.39702,26.8856,27.3914,,29.02796,29.57323,29.9768,30.93822,34.42588,36.96326,39.4839,42.81393,45.71888,49.50629,50.31515,52.27443,53.19896,53.71653,54.13899,54.42876,54.37136,53.37951,54.81666,55.21836,55.43881,55.47609,54.82254,54.51991,54.93871,57.12708,58.02498,59.98763,62.14687,64.39047,,
Faroe Islands,FRO,,,,,,,,,,,,,,,,,,,,,,,,,,,,,,,,,,,,,,,,,,,,,,,
"Micronesia, Fed. Sts.",FSM,,,,,,,,,8.73476,25.59363,19.65976,30.96277,22.44641,,,,,,,,,,,,,,,,,14.01522,14.12186,,,,,,,,,,,,,,,,
Gabon,GAB,,0.39605,0.69804,0.79986,1.45541,2.13813,2.15924,2.60172,2.62754,2.54219,3.22781,,,5.25078,5.44874,,,6.06668,5.74574,5.44526,5.33346,,,,,,,,,7.17798,,8.12629,,8.4354,,,,,,,,,,,,,
United Kingdom,GBR,,14.56785,15.44357,16.08843,16.75241,18.58174,19.20893,19.33827,19.12551,19.1555,18.83821,18.87566,18.95512,21.0556,21.07159,20.99779,21.51677,22.5392,23.30709,24.39281,26.4739,29.17259,33.22073,37.97564,42.80594,48.25041,50.08173,53.29759,55.57143,60.15843,58.52434,59.30872,62.60157,62.08635,59.36344,59.00099,59.12669,58.652,56.87401,58.15342,59.06696,58.98591,59.22314,56.87013,56.47677,,
Georgia,GEO,,,,,,,,,,,,30.03643,,,,,,,,,,36.85845,,,,44.03589,41.34754,44.13179,,35.71676,37.79902,38.91862,41.25575,42.74915,42.15423,46.52818,37.96023,36.93211,34.27521,25.55073,28.92168,31.17883,29.20942,34.75213,39.17867,43.41953,
Ghana,GHA,,0.6885,0.73391,0.81112,0.94134,0.99521,1.10026,,,,,,1.61521,,,,,,,,,0.97541,1.11325,1.31299,1.32973,,,,,,,,,,,5.70682,5.12074,6.35154,8.42673,8.79095,,12.0782,12.18241,14.30499,15.56657,15.94276,
Gibraltar,GIB,,,,,,,,,,,,,,,,,,,,,,,,,,,,,,,,,,,,,,,,,,,,,,,
Guinea,GIN,,0.55341,,,,2.40784,3.00168,3.44866,4.8003,5.07709,,4.44798,3.18009,3.141,2.88064,2.4495,1.98097,1.49406,1.28498,1.32103,1.20798,1.05104,0.9691,1.29631,1.17615,1.26294,1.14623,1.16618,1.19439,,,,,,2.14066,2.88112,5.03036,7.81634,8.9098,9.0236,10.26005,10.40344,9.89186,10.37887,10.84933,,
"Gambia, The",GMB,,,,,,,,,,,,,,,,,,,,,,,,,,1.75959,,,,1.05228,,,,,1.15157,,,,,,2.17297,3.41642,3.10428,,,,
Guinea-Bissau,GNB,,,,,,,,,,,,,,,,,,,,0.46501,,,,,,,,,,,,,,,,2.16778,2.50137,,,,,,,,,,
Equatorial Guinea,GNQ,,,,,,,,,,,,,4.03811,,,,,,,,,1.55783,,,,,,,,,3.23475,,,,,,,,,,,,,,,,
Greece,GRC,,13.18902,13.29171,14.43493,15.32165,17.35968,17.85061,18.17226,17.04748,17.19857,16.59702,17.0664,17.51918,19.17148,20.45295,22.76401,24.19643,25.95047,24.53198,24.16452,24.93856,36.33465,34.77109,38.12109,39.68896,37.03153,40.564,44.25431,45.27541,46.96198,51.5186,59.19155,66.81391,72.29617,78.48364,87.0911,90.7753,87.35136,,,102.7309,107.8286,110.2631,110.1627,113.8718,,
Grenada,GRD,,,,,,,,,,1.44941,5.83428,,8.3027,4.46567,4.48337,,,,,,,,,,,,,,,,,,,,,,,,,52.77734,,,,,,91.14774,
Greenland,GRL,,,,,,,,,,,,,,,,,,,,,,,,,,,,,,,,,,,,,,,,,,,,,,,
Guatemala,GTM,3.05355,3.24594,3.58143,3.94072,3.53521,3.95227,4.42715,4.94355,5.73344,,,5.62535,,6.50815,6.58143,6.77858,7.08614,,,,,,,7.88648,8.2229,8.27584,,,,,,,8.79648,,,,,16.9312,,,,,,18.32584,,,
Guam,GUM,,,,,,,,,,,,,,,,,,,,,,,,,,,,,,,,,,,,,,,,,,,,,,,
Guyana,GUY,,1.60152,1.71507,1.87797,,,3.6001,,,3.05979,2.86417,2.77959,3.10409,2.34072,2.44669,2.70134,2.76632,,4.46445,,5.78906,,,,9.75036,8.99262,9.92838,11.58898,,,,,,7.85483,11.70957,12.87435,13.68693,14.15257,13.44324,12.51735,13.06638,12.848,12.48062,,,,
High income,HIC,25.36754,25.29752,26.43203,27.42762,28.27451,29.67209,31.57638,31.59381,32.33639,32.21425,32.80679,33.6025,34.28109,34.96344,35.58603,35.94497,36.53343,37.52075,38.67618,39.9552,41.66152,43.14764,45.31264,48.09383,50.33135,51.90584,53.47734,54.0832,53.67309,55.79358,56.01499,57.71604,61.96448,63.72068,64.7537,65.7853,66.37022,67.04887,68.14878,69.97589,72.97828,74.83463,75.19102,73.7915,73.70368,,
"Hong Kong SAR, China",HKG,,6.83597,7.24102,7.65987,8.34735,8.88586,9.74971,9.0382,,9.24783,9.28351,,9.9536,11.28401,12.15121,,,,,,,,18.35456,19.36276,21.50551,,,,,,,,,31.31264,31.32427,32.3027,33.20819,41.49686,54.394,55.43485,58.48681,60.54974,60.58629,67.27592,68.77873,68.47546,
Honduras,HND,,,,,3.60351,3.9964,5.0351,6.35413,7.08827,,7.30928,8.39767,8.81224,8.81386,8.83176,8.71531,,8.33729,9.29439,9.2762,8.90867,8.99001,9.37636,9.20554,10.18462,10.1358,10.8608,11.70144,13.53582,13.31057,13.81765,,,17.0047,17.05581,,,,18.79223,,20.65419,,20.49557,21.20456,21.18414,,
Heavily indebted poor countries (HIPC),HPC,,,,,,,,,,,,,,,,,,,,,,,,,,,,,,,,,,,,,,,,,,,,,,,
Croatia,HRV,,,,,,,,,,,,17.85776,,,,,16.25221,,,,21.35002,22.44332,21.85865,24.44326,26.05437,26.23502,27.79442,27.68274,29.36364,31.70178,32.3816,35.13302,37.91397,40.76137,42.04595,44.75249,45.58529,47.23212,49.3374,49.14828,54.67232,58.17231,61.66721,,69.54415,,
Haiti,HTI,,,,,,,0.63494,0.60591,0.77644,0.80185,0.80048,0.84877,,0.91583,1.06445,,1.02659,,,,,,,,,,,,,,,,,,,,,,,,,,,,,,
Hungary,HUN,,10.02169,10.29895,10.36007,10.81306,11.22977,11.71532,12.22626,12.3909,12.57707,12.85187,13.2197,14.26551,14.88364,15.54358,16.04811,16.10758,15.67919,15.2865,14.83153,14.68564,14.52086,14.92064,16.0862,19.35171,22.18434,24.61348,26.25249,30.10097,32.49789,35.93188,39.68776,44.56144,52.2874,60.15528,65.10654,67.6163,67.34326,64.4691,61.701,60.36822,59.50613,59.79731,57.01672,53.19281,50.8622,
IBRD only,IBD,,,,,,,,,,,,,,,,,,,,,,,,,,,,,,,,,,,,,,,,,,,,,,,
IDA & IBRD total,IBT,,,,,,,,,,,,,,,,,,,,,,,,,,,,,,,,,,,,,,,,,,,,,,,
IDA total,IDA,,,,,,,,,,,,,,,,,,,,,,,,,,,,,,,,,,,,,,,,,,,,,,,
IDA blend,IDB,,,,,,,,,,,,,,,,,,,,,,,,,,,,,,,,,,,,,,,,,,,,,,,
Indonesia,IDN,2.85222,,2.7443,2.6682,2.5824,2.58389,2.61447,2.30666,2.43393,2.3284,3.34583,3.82627,3.85855,4.08419,5.36147,6.14513,6.39616,7.58981,6.8638,7.93092,8.37554,8.61318,9.42884,9.39332,10.53432,11.33228,11.54181,13.38344,13.35931,14.74929,14.87968,14.18721,14.81107,16.02808,16.61841,17.25681,17.31293,17.81677,20.70028,23.05733,24.19967,26.50421,30.65633,31.28556,31.1021,,
IDA only,IDX,,,,,,,,,,,,,,,,,,,,,,,,,,,,,,,,,,,,,,,,,,,,,,,
Isle of Man,IMN,,,,,,,,,,,,,,,,,,,,,,,,,,,,,,,,,,,,,,,,,,,,,,,
India,IND,,4.95103,,5.02475,,,5.00968,4.86899,5.01916,4.98982,4.99206,5.27525,4.96471,5.57984,5.88072,5.84951,6.00534,6.34685,5.54462,5.75944,5.95615,6.03884,,,,5.55033,6.28705,6.56696,,,9.54744,9.73581,10.22145,10.67384,10.98428,10.73016,11.54056,13.18877,15.1171,16.10299,17.91149,22.86137,24.36533,23.89011,25.53545,,
Ireland,IRL,,10.59029,10.80271,10.89576,11.4743,13.67886,16.593,16.63466,16.39588,16.19258,16.30667,17.43942,18.70307,19.94382,20.189,21.37179,22.63466,24.24701,25.63986,26.83999,27.41753,27.93034,30.35811,31.90179,34.15091,34.9272,36.62474,38.45831,41.25069,43.62485,46.23576,47.65882,49.87157,51.29366,53.7191,54.24357,55.6207,57.8361,55.31257,57.8303,63.05442,65.78284,67.63531,73.16848,77.62694,,
"Iran, Islamic Rep.",IRN,,2.97015,3.35372,3.77103,3.86076,4.10989,4.49397,4.44874,4.49633,,,,,,,,,,,,,,,,,16.40248,18.29651,,,19.13112,19.34914,20.3873,19.21,19.94828,21.77252,22.87608,25.19457,29.67997,35.98199,36.3574,42.60557,48.52058,54.89906,57.84609,65.95755,71.88114,
Iraq,IRQ,,5.01229,5.20763,5.53511,6.08529,7.13817,7.80383,8.38522,8.48526,8.26934,9.00286,9.20831,9.66339,9.74842,9.57232,10.36393,11.40898,10.87321,11.16155,12.26984,,,,,,,,,,11.65212,12.08991,,12.78603,,15.93053,16.05737,,,,,,,,,,,
Iceland,ISL,,9.91399,11.06493,12.38121,12.9519,14.04377,15.10758,15.47138,15.97514,,19.70555,20.40218,21.24524,22.95566,23.51455,20.89935,21.32346,21.58486,21.77419,23.40426,25.59648,24.92249,29.6088,27.34285,34.00617,35.49457,35.87764,37.75963,38.50176,40.0246,45.48106,47.63999,54.05002,62.1745,68.41224,70.37673,72.66466,71.72129,74.10328,74.32349,78.35316,80.94236,82.22758,81.26037,,,
Israel,ISR,,19.40891,20.57643,22.7051,,23.31977,,26.59754,26.50349,30.3836,31.271,30.97727,33.8667,34.27779,34.70257,,34.9891,35.35103,33.8734,33.4623,33.60007,35.17091,,38.33315,,39.85934,42.03814,,46.83717,48.44758,49.47153,51.78589,56.79785,56.76603,56.48984,58.07998,57.67434,60.53206,59.75865,62.45765,,65.84655,67.79533,66.27654,66.18104,,
Italy,ITA,,16.88026,19.53575,20.38014,21.69638,24.00158,25.21283,26.19936,26.69161,27.21558,26.88414,26.76638,,24.7277,24.83672,25.79004,25.60576,24.83555,26.48112,28.06276,29.54134,31.77529,33.83099,36.03339,40.13326,41.55335,42.38818,46.85352,48.18775,48.26194,49.3512,52.27931,54.94989,58.14882,61.81432,64.08507,65.77427,66.59061,66.44168,66.81194,66.20428,66.17697,65.03444,63.45507,63.09585,,
Jamaica,JAM,,5.20658,5.64123,6.13638,6.06334,,,7.04201,,,,6.70653,,,,,,4.85539,,4.92383,,6.53724,6.48739,,,,,,,9.39234,15.42751,18.03156,19.0277,21.34225,21.54732,19.43956,19.14834,,23.89437,23.74223,27.17467,26.50182,29.06177,27.44476,,27.22027,
Jordan,JOR,,3.0794,3.42326,4.31888,5.24434,5.80446,7.15655,9.58933,9.59944,10.7336,14.83337,16.77514,19.75894,20.58057,22.39033,20.37988,19.38841,20.89951,18.54803,20.61328,20.45196,22.19506,21.40427,20.93048,19.17196,18.70787,20.65249,23.38289,,,28.31962,,30.69539,34.33093,38.78591,38.87669,38.81483,40.43995,43.78175,44.87424,40.50038,40.32987,47.58631,,,44.86952,
Japan,JPN,,17.64062,19.37843,20.7587,22.59059,24.60175,26.64275,28.18517,30.62027,31.0865,31.20274,30.93456,30.2983,29.67323,29.49197,29.02974,28.01094,28.48559,29.24833,29.51152,29.74919,29.77436,29.96077,,38.65585,39.88429,,,45.11417,46.63022,48.73653,49.91419,50.70753,51.83578,53.57676,54.97097,57.1059,57.81535,57.63907,57.67834,58.07524,59.92399,61.45817,62.41163,63.36259,,
Kazakhstan,KAZ,,,,,,,,,,,,33.54216,,,,,37.70899,,39.6599,39.69858,39.40394,38.92154,37.97194,,35.34992,35.25817,30.7991,,,24.43836,31.74863,,,,,,58.03036,,,,46.04591,48.46518,51.32379,50.13055,48.47533,46.03991,
Kenya,KEN,0.89081,0.92212,0.84856,0.94807,1.03259,,0.78008,0.73002,0.76194,0.87068,0.92638,0.91903,,1.17093,1.22564,1.27792,,1.46146,,1.50944,,,,,,,,,,,2.74786,2.81523,2.82416,,2.92145,2.96623,,,,4.04682,,,,,,,
Kyrgyz Republic,KGZ,,,,,,,,,,,,,,,,,27.96411,,28.44558,27.71535,26.9028,25.42067,24.38658,22.48577,21.33945,20.46123,22.00628,24.39133,28.43327,29.20542,34.84011,40.18546,43.14828,40.58396,40.47252,42.33119,43.39703,42.79534,46.58519,44.21347,42.02531,41.18262,43.73205,47.33389,45.91783,,
Cambodia,KHM,,1.4067,1.496,1.35963,,,,,,,0.09661,0.08472,0.08342,0.10421,0.18055,0.25166,0.27328,,,0.60476,0.63134,0.74759,0.96375,1.19443,1.37803,1.37784,1.66408,1.26087,,,2.47334,2.37258,2.48211,2.90974,2.8089,3.37826,5.66012,7.28857,9.08675,11.71902,14.06062,15.90151,,,,13.08826,
Kiribati,KIR,,,,,,,,,,,,,,,,,,,,,,,,,,,,,,,,,,,,,,,,,,,,,,,
St. Kitts and Nevis,KNA,,,,,,,,,,1.29098,0.79161,,,,1.42039,1.29046,4.74698,6.06752,4.57116,,,,5.89159,10.19405,,,,,,,,,,,,,,,18.22618,,,,,,79.10482,79.56453,
"Korea, Rep.",KOR,,7.24645,7.34423,7.40711,7.53876,7.73218,8.49151,8.75751,9.42547,10.62247,12.83041,15.34337,19.62454,24.2549,28.30367,31.58513,34.10005,35.24648,35.70053,35.92067,36.87473,37.93351,39.50472,43.30446,44.97762,48.92811,54.84741,70.87349,68.04258,73.90224,78.43616,82.47044,86.49107,89.26271,91.02324,90.29606,90.46153,92.57689,95.2558,97.97156,99.66034,99.5194,97.11698,95.34542,,,
Kuwait,KWT,,3.86369,5.21804,6.19404,7.21222,7.30175,9.35548,10.16245,11.55704,10.1489,10.44256,11.33623,12.3313,13.33021,13.6415,15.03003,15.87231,15.89228,15.75866,15.08282,11.9949,,10.74108,11.82014,15.00042,19.41896,24.25105,23.76596,,24.93748,,23.91443,22.88462,21.38511,20.36402,,,,,,,,,27.02705,,,
Latin America & Caribbean (excluding high income),LAC,,,,,,,,,,,,,,,,,,,,,,,,,,,,,,,,,,,,,,,,,,,,,,,
Lao PDR,LAO,,0.17446,0.181,0.14889,0.32401,0.29847,,,,,0.37884,0.44923,0.89808,1.18164,1.39696,1.45993,1.46924,,1.36331,,1.13297,,,1.334,1.32569,1.65897,2.40651,2.57471,2.04354,2.34707,2.68677,3.09932,4.1605,4.94802,5.76362,7.82196,9.00521,11.50056,13.25112,16.22263,16.35676,17.41231,17.07804,18.14061,17.29194,16.9059,
Lebanon,LBN,,21.15109,20.14673,,,21.45112,,,,29.65304,32.2852,29.95507,26.45293,27.30416,,26.34834,29.97726,32.11864,,,,,32.45146,,,,27.53839,,,37.66898,38.30615,43.4013,44.83935,42.94757,43.48908,44.12301,44.10024,46.91811,48.88137,48.99389,48.41206,49.73829,45.57901,45.94597,42.77283,38.48477,
Liberia,LBR,0.92939,0.96992,1.08391,1.2847,,1.68572,,,1.72619,2.35589,,,,,,,,2.63185,,,,,,,,,,,,8.30734,19.40065,,,,,,,,,,9.29888,,11.63857,,,,
Libya,LBY,,3.08414,3.52165,4.36786,4.86143,5.82843,6.28105,6.15724,6.65212,6.4308,6.20742,7.53841,8.32093,9.03907,,9.51317,,,,,11.4091,,15.17509,,,,,,,52.5917,48.83058,54.18033,59.21342,61.13713,,,,,,,,,,,,,
St. Lucia,LCA,,,,,,,,2.71675,2.62672,2.32951,2.01017,2.31842,2.75195,3.03837,2.95111,2.52758,,2.61006,2.74446,,,,,6.13454,,,20.45808,,,,,,,,13.88214,13.10703,9.55848,8.66422,15.94777,17.6504,12.49288,16.3404,10.17779,13.85194,16.86029,16.76589,
Latin America & Caribbean,LCN,6.922910213,7.000299931,7.824500084,8.74571991,9.931639671,11.22743988,11.64404011,11.88953018,12.30904961,12.85838985,13.34620953,13.75156021,13.95853996,14.46848965,16.87681007,17.46719933,16.09098053,16.34226036,16.77119064,16.83242035,16.7797699,17.06922913,16.90858078,16.71549034,16.82457924,18.71479034,17.72484016,19.95836067,20.14632034,22.35667038,22.64496994,24.29418945,26.10767937,27.81866074,29.13989067,30.72009087,33.05340958,35.32818985,38.40111923,39.52648163,40.51116943,42.77433014,43.74974823,44.50825882,44.66407013,,
Least developed countries: UN classification,LDC,,,,,,,,,,,,,,,,,,,,,,,,,,,,,,,,,,,,,,,,,,,,,,,
Low income,LIC,5.95953,6.00678,2.22799,6.09192,2.70812,6.08047,6.10576,6.1277,6.34631,6.51621,3.46624,3.40495,6.91324,7.30307,7.68992,3.80526,4.06516,4.15516,4.27658,4.35835,4.26796,4.25526,7.74959,3.94695,7.89504,3.44045,8.65003,3.16222,9.88167,3.06707,3.31445,11.59474,3.74283,3.98355,4.2023,13.15972,4.69424,14.8123,5.41405,17.04943,6.66288,20.72943,7.34029,21.97218,22.25615,,
Liechtenstein,LIE,,,,,,,,,,,,,,,,,,,,,,,,,,,,,,,,,,20.70588,24.60685,,29.81716,31.62594,36.73095,34.44495,36.01831,43.6751,42.49668,,37.48871,33.54204,
Sri Lanka,LKA,1.0128,1.13638,,1.08796,1.0884,1.11108,,1.12559,1.1499,2.7109,,2.83064,3.658,4.03624,4.12409,3.66908,3.75393,,,,,,,,4.75902,,,,,,,,,,,,,,,,16.34794,15.24237,17.16244,18.93725,19.28764,19.79662,
Lower middle income,LMC,,,,,,,,,,,,,,,,,,,,,,,,,,,,,,,,,,,,,,,,,,,,,,,
Low & middle income,LMY,,,,,,,,,,,,,,,,,,,,,,,,,,,,,,,,,,,,,,,,,,,,,,,
Lesotho,LSO,0.43134,0.36829,0.33819,0.45647,0.53901,0.49452,0.64253,0.83796,0.92001,1.04583,0.95616,1.02953,1.07339,1.08082,1.01543,1.27999,1.31631,1.53158,1.62468,1.57355,1.30351,1.32618,2.26648,2.38236,2.52788,2.47475,2.55041,,,2.1409,2.31443,2.51627,2.47954,2.95754,,3.67339,3.8813,,,,,,10.823,10.14831,9.8422,,
Late-demographic dividend,LTE,,,,,,,,,,,,,,,,,,,,,,,,,,,,,,,,,,,,,,,,,,,,,,,
Lithuania,LTU,,,,,,,,,,,,24.44689,,,,,31.56133,,,32.41305,33.24677,32.09423,28.66377,26.28936,25.81804,26.26696,28.46868,32.55898,38.66191,43.97498,50.26368,55.75962,61.15765,68.86625,75.03122,80.37058,81.86496,82.56833,85.12274,88.46352,85.66221,80.76493,77.23182,71.9697,68.53141,,
Luxembourg,LUX,,1.58682,1.53575,1.95509,1.78051,1.96795,1.77737,1.6118,1.0745,1.41829,1.43815,2.58109,2.39918,3.21577,3.34697,2.87488,2.60261,2.43894,,,,4.78967,5.22066,4.88441,7.0384,7.3809,8.09228,8.51493,8.99315,10.05674,9.81434,10.21577,11.85052,12.18566,,,10.3312,,10.61108,,18.27515,,19.40741,,,,
Latvia,LVA,,,,,,,,,,,,23.70508,23.83223,23.71804,23.58917,23.54715,23.16787,23.09608,23.56458,24.04898,24.86563,25.05684,25.55707,24.29161,22.643,23.1197,27.3207,33.67314,43.02886,50.90654,56.63658,63.30484,67.72493,72.41556,77.28203,78.87445,78.95482,77.97313,77.14929,76.58706,70.43009,67.28473,65.56071,66.95488,67.03973,,
"Macao SAR, China",MAC,,,,,,,,,,,,,,,,,,,25.24797,26.17766,29.45555,25.42199,26.30739,26.58987,24.43936,,,28.99702,,27.36981,26.15347,46.3321,62.34413,75.88896,69.01683,63.59637,62.41726,58.74043,58.08509,62.30129,61.78807,63.98516,56.03069,62.59521,69.3551,75.59885,
St. Martin (French part),MAF,,,,,,,,,,,,,,,,,,,,,,,,,,,,,,,,,,,,,,,,,,,,,,,
Morocco,MAR,,1.47233,1.42159,1.70764,1.79039,2.22861,2.78293,2.61535,3.72241,3.28863,,5.48189,5.90887,5.17575,5.86312,,7.64168,8.03372,8.78635,9.4571,10.26006,10.24961,10.10246,10.62229,10.90105,11.49975,,11.80695,9.21469,9.62106,10.16418,10.41518,10.44859,10.85019,11.01019,11.72413,12.334,11.8595,13.00513,13.53075,14.41402,16.20829,19.28785,22.46668,25.12492,28.14358,
Monaco,MCO,,,,,,,,,,,,,,,,,,,,,,,,,,,,,,,,,,,,,,,,,,,,,,,
Moldova,MDA,,,,,,,,,,,,29.30976,,,,,33.2222,,34.638,34.88698,35.41256,34.48662,,,,30.22028,25.91554,27.20317,,32.69492,32.52967,31.7273,32.20523,33.29884,34.35557,36.09843,39.40245,41.20459,39.9985,38.29286,38.14536,39.44804,40.10864,41.27717,41.48967,41.21348,
Madagascar,MDG,,1.10177,1.20647,1.3674,,1.42167,1.22177,1.59989,1.87948,2.10109,2.87344,2.75692,3.55809,3.75645,3.82007,4.09453,4.032,3.5823,3.59186,3.54614,3.43868,3.20408,,3.57074,2.89908,2.33291,2.1596,1.93467,2.16858,2.12809,2.18513,2.0804,2.15636,2.36969,2.74726,2.82939,2.98939,3.33788,3.24328,3.4383,3.60552,4.00569,4.08568,4.24579,4.77556,,
Maldives,MDV,,,,,,,,,,,,,,,,,,,,,,,,,,,,,,,,,,0.20817,,,,10.95842,12.74713,,,,,,16.22738,,
Middle East & North Africa,MEA,5.737420082,5.716589928,6.051189899,6.535950184,6.939109802,7.522019863,8.268349648,8.909700394,9.361650467,9.612360001,10.0909996,10.75045967,11.27449989,11.55817986,11.94153976,12.04998016,12.45234013,12.61445999,12.76935959,12.57355022,12.75615025,12.67282009,13.39657974,14.36987019,15.06468964,15.96195984,17.25193977,18.13297081,18.89994049,20.16320038,20.40632057,21.05662918,21.43094063,21.62174988,22.85627937,23.92790031,24.74607086,26.3468895,28.28256035,28.89500046,30.83208084,31.61013985,34.13447189,35.76062012,37.91613007,,
Mexico,MEX,,5.29087,5.66635,,7.46798,8.76595,9.56276,9.45162,10.60426,11.73567,13.10124,13.90395,14.51855,14.79609,15.28554,,15.83228,15.57494,16.21464,15.64601,15.0875,14.37794,,13.0941,13.30092,13.69597,14.70038,15.56436,16.76331,17.86717,19.07382,19.86117,20.83576,21.72659,22.56222,23.12034,23.60797,24.14298,24.7486,25.19286,26.16644,27.03765,28.30744,29.20858,29.9409,,
Marshall Islands,MHL,,,,,,,,,,,,,,,,,,,,,,,,,,,,,,,,,16.27614,,,,,,,,,,42.86175,,,,
Middle income,MIC,6.21986,6.23398,6.30551,6.43029,6.67674,6.96439,7.14931,7.27401,7.47923,7.75387,7.91136,8.18036,8.30764,8.50387,8.93513,9.06428,8.95745,9.02909,8.78271,8.81643,8.87349,8.92369,8.90258,8.96589,9.35122,9.96557,10.50886,11.39425,12.10444,13.1828,14.10963,15.26349,16.56132,17.81432,18.7859,19.60864,20.59612,21.66885,22.87618,23.95644,25.247,27.10824,28.52986,29.48113,31.67884,,
"Macedonia, FYR",MKD,,18.47091,,,,,18.82523,,,,,26.48367,26.08979,25.23119,24.04743,22.84127,21.86186,20.34148,19.41438,18.12252,16.62268,15.26623,15.95119,16.03734,17.02758,18.38201,18.82146,19.55951,20.23577,21.93886,22.77196,24.53261,26.92806,27.20605,27.66789,29.31302,28.91388,35.25332,40.36231,40.84036,39.19732,,40.84611,39.35075,39.5942,,
Mali,MLI,,0.14152,,,0.32578,0.41861,0.49123,0.59446,0.69719,0.78593,0.85581,,0.70849,0.89846,1.08476,1.10125,0.9848,0.79924,,0.64163,0.65767,0.63584,0.80558,0.92765,,0.94185,1.05383,1.45637,1.42973,1.86878,1.91744,2.0558,2.06897,,,,,,5.31569,5.86168,6.04439,6.34235,6.87478,,,,
Malta,MLT,6.12556,6.51885,7.75575,7.62184,6.50261,7.55008,7.51046,7.76433,7.21662,5.01323,2.7359,3.03555,3.01417,3.30346,4.47591,4.88109,5.37348,5.61084,5.92426,7.14498,10.83261,13.35586,15.029,18.80597,20.16673,21.81101,22.66821,22.26573,24.37826,23.30401,21.26979,25.31119,25.47018,32.21462,28.79575,34.79783,32.76533,36.20696,35.38289,39.34177,41.77264,44.34796,45.53358,45.68045,45.08241,46.97352,
Myanmar,MMR,,1.69891,1.7364,1.74598,1.69824,1.72113,1.76471,2.58183,,3.59505,,4.60117,4.54457,,4.6891,4.79437,4.44048,6.22822,5.27645,5.17267,5.03817,,4.34534,5.32922,5.06638,5.19684,,,6.67952,,,10.56917,,,,,,10.55368,,,,14.18061,13.52817,,,,
Middle East & North Africa (excluding high income),MNA,,,,,,,,,,,,,,,,,,,,,,,,,,,,,,,,,,,,,,,,,,,,,,,
Montenegro,MNE,,,,,,,,,,,,,,,,,,,,,,,,,,,,,,,,17.98434,16.74745,17.26546,19.80759,22.11444,25.90444,33.40839,41.70699,51.04157,55.34459,,,,,,
Mongolia,MNG,22.57144,21.03541,19.72752,18.85496,19.11017,20.61974,22.19075,24.47429,25.35191,26.13252,26.12688,26.11727,25.47045,25.10572,24.8152,23.75942,23.48467,22.67359,22.21582,20.15611,18.19735,15.86295,14.14763,12.26053,12.83957,14.3577,16.17417,18.39859,21.17886,26.91085,30.17598,34.20266,35.7977,37.98135,40.78588,44.6557,47.53391,46.94842,48.48249,51.46968,53.82303,55.67953,58.73871,62.24863,64.27418,68.56702,
Northern Mariana Islands,MNP,,,,,,,,,,,,,,,,,,,,,,,,,,,,,,,,,,,,,,,,,,,,,,,
Mozambique,MOZ,,0.23656,,0.3002,,,,0.08935,0.07431,0.06958,0.07242,0.08761,0.10574,,,0.1218,,0.20388,,,,,0.3744,0.4085,0.45768,0.47867,0.50044,,,0.62248,0.67876,,,0.8972,1.13079,1.40566,,,3.51366,3.79957,4.5386,4.79716,5.05311,5.04323,5.97472,,
Mauritania,MRT,,,,,,,,,0.37274,,,,,,,1.68221,2.62008,3.03586,2.97485,3.11121,3.02516,2.69649,2.86994,3.57199,3.54607,3.48363,3.68947,3.8838,3.77417,4.0477,,3.38339,2.97468,3.16189,3.19305,2.92648,3.30368,3.74852,3.83396,3.90847,4.43413,4.80955,5.20095,5.46516,,5.62173,
Mauritius,MUS,2.56517,1.7068,1.57681,1.6094,1.53766,1.25422,1.58693,1.65746,1.45147,1.22468,1.02845,0.89089,0.89883,0.669,0.74283,1.0653,0.9936,1.40668,1.8556,1.90033,3.04117,3.53861,,5.33843,4.98077,5.62141,6.57222,6.67701,,9.96997,11.03148,17.10541,15.84507,16.55422,17.82251,21.35074,23.59894,24.64356,27.33685,32.19431,33.69182,35.23478,38.65997,39.72569,38.67412,36.66757,
Malawi,MWI,,,,0.43335,0.44918,0.45876,0.40394,0.41332,0.38542,0.41609,0.46567,0.46088,0.46354,0.45616,0.46049,0.46561,0.45727,0.46227,0.44171,0.45461,0.53173,0.54169,0.54324,0.54763,0.57423,0.569,0.58016,,,0.30458,0.33312,0.37384,0.40209,0.41164,0.48472,0.46957,0.48878,0.48213,,,0.69257,0.79773,,,,,
Malaysia,MYS,,,,,,,,,,3.87698,4.04998,,4.34431,4.28596,4.74108,5.59672,6.53269,7.13597,7.21515,6.52209,7.18973,7.98166,9.0767,9.3965,10.33799,11.14906,,,21.79903,22.74405,25.74226,25.04661,27.40694,30.52711,29.96436,27.91556,28.59373,30.27387,33.75352,35.75672,37.13459,35.39752,35.87376,36.4001,27.60484,26.07409,
North America,NAC,47.3711319,47.37176895,48.1310997,48.54442978,48.86552811,50.69002914,53.98767853,52.56095886,53.18912125,52.70656967,53.78263855,55.87599182,57.22438049,57.95497894,58.91342926,59.01153946,60.27769852,63.05311966,65.84545135,68.66526794,72.60516357,74.70630646,79.01374054,79.5556488,79.4019165,79.44750214,78.84066772,74.17410278,69.51898956,70.98281097,67.24054718,68.00734711,77.37631989,79.17449188,79.31575775,79.88397217,79.86456299,80.73320007,82.5030899,85.71922302,90.80854797,92.70110321,91.38791656,85.94677734,84.03231812,,
Namibia,NAM,,,,,,,,,,,,,,,,,,,,,,2.88088,,,6.04567,6.84652,,5.05037,6.17392,,,7.03322,5.79928,6.16195,,6.87286,6.55765,,9.33008,,,,,,,,
New Caledonia,NCL,,,,,,,,,,,,,,,,,,,,,,,,,,,,,,,,,,,,,,,,,,,,,,,
Niger,NER,,0,0,0.05343,0.06833,0.08566,0.12745,0.17376,0.17451,0.20882,0.21324,0.32761,0.41108,0.45048,0.49672,0.55375,,0.57321,,0.61612,0.74133,,0.74466,,,,,,,,,,,0.95965,0.93059,1.12339,1.13977,1.05922,1.19556,1.42953,1.47022,1.51832,1.71459,,,,
Nigeria,NGA,,,,,,0.73531,0.81314,1.03446,1.16027,1.59914,1.82744,2.30834,2.66022,2.84963,2.99404,3.38914,3.54713,3.48128,3.85415,4.12241,,,,,,,,,,6.08309,,,,9.64078,9.85316,10.40532,,,,,9.47943,10.07095,,,,,
Nicaragua,NIC,4.48012,4.0991,5.05081,4.31879,4.69353,6.26888,6.99467,6.86419,,8.42389,10.78542,,9.8725,10.57194,9.27838,8.31637,7.52695,7.38327,,,7.72732,7.63825,8.36149,,,10.78241,,10.9199,,,,,17.73032,,,,,,,,,,,,,,
Netherlands,NLD,,19.7297,21.61999,,,23.80522,25.77545,26.85525,27.70267,27.96199,29.33,29.62284,30.0921,30.29347,30.39865,30.61758,31.59052,31.10819,32.27364,32.80174,35.14654,39.51599,42.01201,44.63307,48.60859,47.64412,48.39706,47.73489,48.34771,50.34052,53.00037,55.09716,56.18807,56.79527,58.05327,59.7521,60.6388,60.94604,61.4471,62.43471,65.15872,77.64571,78.50107,,,,
Norway,NOR,,15.79487,17.03898,18.70734,20.94079,21.37281,22.12313,24.21976,23.89852,24.58521,25.32684,25.48347,26.49687,28.3796,29.17472,29.81019,29.62905,32.05005,32.29006,34.25195,38.37103,42.33532,46.01221,50.20868,54.17281,54.20379,58.1172,61.56463,62.86831,66.42739,69.34229,70.27974,73.37283,79.10782,79.2638,78.55131,77.68351,75.40957,72.33717,72.70647,72.88692,73.08579,73.25146,76.11793,76.78316,76.69638,
Nepal,NPL,,,,,1.63401,1.74722,1.43403,1.85256,2.30209,2.73665,,3.51366,3.50377,3.18175,3.5819,3.424,4.80889,5.00007,5.58573,5.8447,5.2204,5.95269,5.41269,5.17065,4.78607,4.36617,4.80303,,,,4.22223,4.53477,5.24731,5.32762,6.28112,7.94873,8.47098,10.38359,11.34411,11.27803,14.40431,14.43554,,16.92815,15.83248,14.93995,
Nauru,NRU,,,,,,,,,,,,,,,,,,,,,,,,,,,,,,,,,,,,,,,,,,,,,,,
New Zealand,NZL,16.30106,16.9108,24.68408,25.04146,25.22384,24.42182,24.98574,25.08312,26.62022,26.27663,26.61613,27.37986,27.67211,28.27748,32.00184,32.12838,34.85386,36.47322,40.09994,42.84615,39.37844,44.55879,50.5118,56.49573,59.38179,58.28891,59.29727,63.73876,61.95212,64.92204,66.19218,66.59294,67.27668,68.9801,83.60093,80.64162,78.68379,78.92032,78.03154,82.60359,82.5175,81.70712,80.84335,79.71429,80.88294,,
OECD members,OED,,,,,,,,,,,,,,,,,,,,,,,,,,,,,,,,,,,,,,,,,,,,,,,
Oman,OMN,,,,,,,,0.02387,0.02382,0.01413,0.01569,0.01813,0.0134,0.0266,0.08055,0.31602,0.82624,1.70287,2.53416,3.26245,4.12279,4.4733,5.04928,5.12219,5.35787,6.2819,6.01586,6.62453,7.78105,,,,,,,,,,,,,,,,,,
Other small states,OSS,,,,,,,,,,,,,,,,,,,,,,,,,,,,,,,,,,,,,,,,,,,,,,,
Pakistan,PAK,,2.34658,2.10271,2.11449,2.11576,2.0744,2.19041,2.16253,2.28555,2.25361,2.19813,,,,,,2.98927,2.95433,3.3449,,3.07524,,2.13457,,,,,,,,,,,2.73015,3.41546,4.94156,4.99329,5.63073,5.60639,6.92967,,8.66599,9.93023,10.37038,10.35523,9.92739,
Panama,PAN,6.33618,10.31441,12.07789,13.84843,14.94561,15.60021,17.47776,19.249,18.39289,19.22021,20.30011,20.69765,21.36304,20.5682,23.49617,24.29513,26.69705,23.38779,21.25243,20.44703,20.99089,22.65236,24.21493,25.9161,25.55621,27.9488,29.17031,,36.30999,38.23082,41.33757,40.8368,40.41369,44.26296,43.32155,42.08123,43.07708,43.2206,43.38415,43.36944,44.36479,42.35271,44.14989,38.73935,,,
Peru,PER,9.93909,9.83083,10.19566,11.42891,12.46125,13.10594,13.18705,14.71295,,16.03314,17.32936,19.86828,20.11836,20.67544,21.26829,22.03988,25.30494,26.46632,28.18749,29.59386,30.1207,31.91742,31.53223,28.11548,26.79137,27.02247,25.60622,25.69279,,39.01937,34.59747,31.18768,31.58625,31.57568,33.24757,33.17797,34.32351,,,,40.51279,,,,,,
Philippines,PHL,,17.64897,17.54728,17.18822,17.2438,16.41332,17.12586,17.77281,20.69542,23.53025,24.01702,25.2401,25.7678,26.57667,28.99241,27.75008,24.6411,23.37438,24.64933,26.13373,24.58946,27.16126,25.82396,,,27.29814,28.78787,,27.4716,28.73634,,30.34027,30.16804,29.0592,28.34799,27.51127,27.84532,,29.35234,28.70719,29.75401,30.92084,31.29874,33.61303,35.75333,,
Palau,PLW,,,,,,,,,,,,,,,,,,,,,,,,,,,,,,,,37.03704,37.87167,,,,,,,,,,,61.8638,,,
Papua New Guinea,PNG,,,2.20608,2.23109,,,,,,,1.72568,,,1.53105,1.86275,1.51227,1.85901,,,,,,,,,2.82399,3.1678,,1.90177,1.89424,,,,,,,,,,,,,,,,,
Poland,POL,,13.35876,12.79075,13.25745,14.38064,15.17389,16.37067,17.16377,17.2266,17.34587,17.15744,17.06624,16.49433,15.86398,16.11156,16.26024,16.88378,17.40545,18.19571,19.84488,20.38056,21.762,21.50987,23.95219,27.7463,31.61357,35.79435,40.47996,39.84721,45.7413,50.49323,55.51589,58.22228,59.46222,60.71324,63.00495,64.60578,66.15026,68.89043,70.79982,73.17285,73.18476,72.84839,71.15869,,,
Pre-demographic dividend,PRE,,,,,,,,,,,,,,,,,,,,,,,,,,,,,,,,,,,,,,,,,,,,,,,
Puerto Rico,PRI,,,,,,,,,,,,,,,,,,,,,,,,,,,,,,,,,,,,,,71.66853,77.87657,81.27169,86.35392,86.46033,86.56501,85.33584,84.38378,,
"Korea, Dem. Peopleês Rep.",PRK,,,,,,,,,,,,,,,,,,,,,,,,,,,,,,,,,,,,,,,,30.86081,,30.32253,,,,28.05944,
Portugal,PRT,,7.27266,7.61602,7.73813,8.25411,8.78182,10.65855,12.64408,11.07455,11.72622,11.37779,11.54629,11.68609,12.09226,12.35198,13.84767,12.8582,16.29097,,,20.01487,23.4303,23.66575,30.28901,33.61453,36.4956,38.94979,,43.85946,45.13318,48.0735,50.81964,53.06125,54.96958,55.74679,55.50008,55.44114,57.84278,61.66331,62.69352,65.66021,68.50621,68.58554,66.22162,65.60738,,
Paraguay,PRY,3.72158,4.44575,4.80753,4.84209,5.36505,6.81103,,,,,8.86943,9.21076,9.37404,10.29681,9.70817,9.11588,8.77035,8.25107,8.12548,7.98908,8.33559,,,10.55238,,9.36051,9.37129,,,13.16332,15.94626,17.92789,26.31949,25.0293,25.2681,25.89107,,29.05052,34.48931,37.14396,35.08085,,,,,,
West Bank and Gaza,PSE,,,,,,,,,,,,,,,,,,,,,,,,,,,16.36051,18.92463,20.64828,23.10556,23.91648,26.24568,28.27061,32.52938,37.07393,40.91577,43.13465,46.94048,48.16286,46.5276,47.85356,49.62982,48.17982,45.34024,44.00687,44.28322,
Pacific island small states,PSS,,,,,,,,,,,,,,,,,,,,,,,,,,,,,,,,,,,,,,,,,,,,,,,
Post-demographic dividend,PST,,,,,,,,,,,,,,,,,,,,,,,,,,,,,,,,,,,,,,,,,,,,,,,
French Polynesia,PYF,,,,,,,,,,,,,,,,,,,,,,,,,,,,,,,,,,,,,,,,,,,,,,,
Qatar,QAT,,0,,,,,4.39616,4.77841,,,9.13891,9.80638,11.606,14.51502,15.06863,16.79581,18.53753,17.95343,17.62767,18.79488,20.14574,20.00247,18.88665,20.27223,20.37586,22.20513,25.17885,26.49348,26.51398,25.97555,,19.16168,16.18945,14.9297,17.17461,17.64545,18.36469,12.91385,11.14289,9.94261,9.90507,11.62995,11.93219,13.61605,15.83137,17.21952,
Romania,ROU,,9.12342,8.59022,8.03122,7.76073,8.07228,8.6053,9.07557,9.51427,10.14655,10.6008,11.11671,11.80731,12.063,12.19497,11.73655,10.89382,9.91426,9.04402,8.52781,8.40699,9.62136,10.80851,12.05533,13.01409,13.38833,17.67452,18.62499,18.8973,21.42004,24.02648,28.75435,32.61825,37.60492,41.42172,45.50912,51.72752,58.16763,66.92305,71.25668,67.80831,62.78695,54.52098,52.16814,53.21586,53.22022,
Russian Federation,RUS,45.60161,45.26871,44.67596,44.17986,43.74558,43.54787,43.59217,43.90318,44.21892,44.60443,45.20578,46.03865,47.01373,48.26853,49.81923,52.008,53.89539,55.67322,56.16376,55.81128,55.00878,52.47218,49.77484,46.40181,44.46321,43.11938,44.69457,46.20611,48.36047,51.85277,55.77675,61.56053,66.86712,70.69351,70.62476,72.60941,72.84204,74.06366,74.95699,75.43294,,76.49778,76.11465,77.99648,78.65337,,
Rwanda,RWA,,0.16364,,0.19773,0.18756,0.24954,0.2601,0.25347,0.24901,0.2595,0.27187,0.26874,,,0.35171,0.38242,0.3968,0.39342,0.42426,0.47824,0.59881,,,,,,,,,0.83205,1.28399,1.64991,1.91764,2.30755,2.70522,2.84017,3.62999,3.70424,3.98835,4.85299,5.56596,6.74004,6.55378,7.52925,,,
South Asia,SAS,4.276919842,4.314780235,4.361070156,4.418330193,4.482649803,4.455470085,4.429910183,4.32765007,4.407899857,4.49022007,4.476910114,4.693719864,4.543690205,5.107820034,5.390049934,5.371280193,5.51252985,5.703080177,5.079999924,5.234049797,5.416769981,5.463510036,5.332829952,5.25454998,5.171989918,5.096739769,5.687749863,5.919809818,6.691959858,7.46118021,8.212770462,8.466170311,8.819470406,9.167790413,9.435359955,9.491979599,10.20431995,11.59529018,13.1427803,14.22379017,15.8562603,19.74817085,21.07447052,20.82682037,20.83864021,,
Saudi Arabia,SAU,,1.60915,1.71821,1.96717,2.46529,3.12404,3.98451,4.64899,5.91693,6.07348,6.47176,7.31372,7.60701,8.19659,8.23461,9.19399,9.78616,9.22787,,8.65577,9.43525,10.29792,11.18063,13.42005,14.12333,16.29488,17.1223,16.80997,17.06042,20.60781,22.18343,24.00988,23.89322,27.39771,29.05115,29.59321,29.99453,29.69177,30.00294,30.96733,36.51451,41.31546,48.56231,54.88156,61.11202,63.06622,
Sudan,SDN,,,,,,,,,,,,,,,,,,,,,,,,,,,,,,6.26654,6.48365,8.0816,9.17987,8.57934,10.43232,11.73268,13.28233,13.02049,14.39695,14.68623,14.98465,14.64536,14.94187,16.92467,16.32061,,
Senegal,SEN,,1.4243,1.54263,,,,,2.05347,2.12517,,2.67068,2.86513,2.59939,2.71508,2.3189,2.37497,2.51958,,,,,,3.24864,,,,,3.25374,,3.3533,,,,,4.952,5.43859,5.5807,6.18517,7.72068,7.76547,7.38946,9.68208,9.74415,9.99662,10.3412,10.38666,
Singapore,SGP,6.47806,6.24163,6.72441,7.02158,7.32037,8.75423,8.54454,8.64119,8.40798,7.17142,7.81801,8.57033,10.28453,11.73524,12.13012,13.74282,15.00912,16.03863,16.68104,17.80875,19.34318,20.89651,23.28321,26.69369,28.70131,32.68545,37.01249,,,,,,,,,,,,57.7467,60.73636,62.9404,67.18139,67.4968,69.81185,,,
Solomon Islands,SLB,,,,,,,,,,,,,,,,,,,,,,,,,,,,,,,,,,,,,,,,,,,,,,,
Sierra Leone,SLE,,0.50854,0.55606,0.59964,0.64166,0.70727,0.6941,0.66719,0.65154,,,0.83262,,,0.72819,0.74066,1.97748,,1.80023,1.65319,1.56133,1.42598,,,,,,,,,1.75525,2.23627,2.17272,,,,,,,,,,,,,,
El Salvador,SLV,2.8657,3.73565,,5.63586,7.0906,7.46585,,7.791,7.97532,,,,10.90305,13.12255,14.29078,15.7186,16.2147,,16.37812,16.89248,16.07897,17.35812,,18.63851,20.63628,22.05917,21.29443,,22.15237,22.31318,21.63936,20.78669,21.49571,22.12166,22.77891,23.04488,23.27096,24.34089,25.17846,25.73415,26.35901,27.59089,28.62897,29.16848,28.85296,,
San Marino,SMR,,,,,,,,,,,,,,,,,,,,,,,,,,,,,,,,,,,,,,,,,64.84429,64.29558,59.849,,,,
Somalia,SOM,,0.304,0.29913,,,0.46064,0.56781,,,,,,,,,,,2.78397,,,,,,,,,,,,,,,,,,,,,,,,,,,,,
Serbia,SRB,,,,,,,,,,,,,,,,,,,,,,,,,,,,,,,,37.76188,35.66372,39.61336,40.9338,44.20525,46.81958,47.993,48.66538,49.84967,49.08272,51.59377,53.50003,56.38088,58.05497,58.28769,
Sub-Saharan Africa (excluding high income),SSA,,,,,,,,,,,,,,,,,,,,,,,,,,,,,,,,,,,,,,,,,,,,,,,
South Sudan,SSD,,,,,,,,,,,,,,,,,,,,,,,,,,,,,,,,,,,,,,,,,,,,,,,
Sub-Saharan Africa,SSF,1.398159981,1.397310019,1.43125999,1.467300057,1.542330027,1.600990057,1.664700031,1.755980015,1.867689967,2.010799885,2.117150068,2.262429953,2.395220041,2.460500002,2.541529894,2.678869963,2.791330099,2.847290039,2.994920015,3.145469904,3.202589989,3.307600021,3.406409979,3.587510109,3.735569954,3.803859949,3.872950077,3.949879885,3.986190081,4.050429821,4.405179977,4.773920059,5.122139931,5.495580196,5.745830059,6.065889835,6.310279846,6.544310093,6.935880184,7.394189835,7.859839916,8.051059723,8.308930397,8.5333004,8.59348011,,
Small states,SST,,,,,,,,,,,,,,,,,,,,,,,,,,,,,,,,,,,,,,,,,,,,,,,
Sao Tome and Principe,STP,,,,,,,,,,,,,,,,,,,,,,,,,,,,,,,,,,,,,,,,3.93736,4.30071,,8.25875,,9.75327,13.40603,
Suriname,SUR,,,,,,,,,,,,6.27176,6.76019,7.2574,7.13793,6.87978,6.52514,8.12263,8.82792,9.71196,10.47183,,,,,,,,,,,,12.65156,,,,,,,,,,,,,,
Slovak Republic,SVK,,,,,,,,,,,,,,,,,,,,,,,,,,,,,,,,,,,,,,,,,,,,,,,
Slovenia,SVN,,,,,,,,,,,,19.13493,18.02333,17.90538,18.63148,18.76783,20.01028,20.80927,20.68323,20.65747,22.76888,22.42945,26.0565,27.10891,29.41436,30.39048,33.51686,36.7601,45.8622,52.43431,55.20966,60.44554,66.29913,69.0106,72.40722,79.28282,82.57076,84.44266,85.17475,85.83402,88.26607,84.97371,86.32315,85.22185,82.92643,,
Sweden,SWE,,21.73277,22.47434,22.06343,22.68651,22.89912,29.53043,31.35396,34.81113,36.21627,36.38241,30.794,31.4261,32.04047,32.28293,31.15343,30.36737,29.8188,29.97819,30.20071,30.68937,31.99364,34.55643,37.41058,39.80815,42.42233,45.98952,49.6657,51.99275,63.57991,67.10568,70.29635,75.30463,81.43863,83.78033,81.97478,79.34685,74.97612,71.12386,71.45188,74.68413,73.94509,69.61607,63.39294,62.35348,,
Swaziland,SWZ,0.51635,0.64016,0.67294,0.68336,1.31186,2.21149,2.1632,2.64853,,2.67587,3.46625,3.03117,,,4.76324,4.35587,3.91055,3.65742,4.37623,,4.02517,3.89612,3.59329,4.89933,,,6.21417,,,4.7947,4.45921,,4.53608,,5.46114,4.75177,4.44382,,,,,5.96363,,5.32888,,,
Sint Maarten (Dutch part),SXM,,,,,,,,,,,,,,,,,,,,,,,,,,,,,,,,,,,,,,,,,,,,,,,
Seychelles,SYC,,,,,,,,,,,,,,,,,,,,,,,,,,,,,,,,,,,,,,,,,,2.42525,1.29534,3.14233,6.42905,14.2562,
Syrian Arab Republic,SYR,,7.4311,8.5326,8.06729,8.43307,9.19718,9.71526,11.71915,12.99295,14.33349,13.81218,16.22206,16.26244,16.12777,16.2579,17.15797,17.46482,17.25114,18.77075,17.86802,18.08315,17.92419,16.99687,16.9057,15.34507,14.68708,,,,,,,12.37854,12.97803,15.00221,18.20454,20.93221,22.59183,24.21655,24.30408,25.99614,25.93505,31.86583,34.52174,43.85294,44.04862,
Turks and Caicos Islands,TCA,,,,,,,,,,,,,,,,,,,,,,,,,,,,,,,,,,,,,,,,,,,,,,,
Chad,TCD,,0,0.01462,0.07342,0.17459,0.11662,0.14801,0.20221,,,,,,,,0.3911,,,,0.63925,,,,,,,0.5648,0.60043,0.73096,,0.83104,0.82529,,0.92292,1.20653,1.42056,,,1.94586,2.01315,2.10142,2.22099,,,3.44539,,
East Asia & Pacific (IDA & IBRD countries),TEA,,,,,,,,,,,,,,,,,,,,,,,,,,,,,,,,,,,,,,,,,,,,,,,
Europe & Central Asia (IDA & IBRD countries),TEC,,,,,,,,,,,,,,,,,,,,,,,,,,,,,,,,,,,,,,,,,,,,,,,
Togo,TGO,,0.47896,0.74245,0.75423,0.73908,0.79613,1.13093,1.30968,1.45623,1.42856,1.59921,2.02301,1.77166,1.59549,1.60664,,,2.09905,2.30798,2.34349,2.37323,2.62274,2.90409,2.45943,2.48791,2.88371,2.89746,,3.31162,,,,,,,,5.01922,5.66815,,,9.12751,10.15801,10.32146,10.67929,10.11762,10.62596,
Thailand,THA,,2.86099,3.04351,3.0605,3.07496,3.62624,3.3354,4.29272,5.10724,8.51908,10.3687,7.6651,18.84886,21.37896,22.1478,20.69192,19.23551,,15.13202,,15.8605,,,19.29401,,19.99842,20.66254,22.99229,26.82449,32.67139,34.89169,39.00846,39.89744,40.81069,41.85757,44.21665,44.2446,48.23329,47.88146,48.81941,50.20262,52.74705,51.56916,51.3788,52.50537,48.85744,
Tajikistan,TJK,,,,,,,,,,,,24.11168,,,,,20.1176,,20.75404,20.98323,22.06676,22.17246,21.8917,21.34501,20.76826,20.71406,,,,17.44901,18.26359,17.69055,17.80306,19.10758,20.37697,20.96607,22.05909,22.77215,23.01628,22.61801,22.69256,22.01436,22.41332,22.64422,24.47492,26.3745,
Turkmenistan,TKM,,,,,,,,,,,,,,,,,,,,,,,,,,,,,,,,,,,,,,,,,,,,,,,
Latin America & the Caribbean (IDA & IBRD countries),TLA,,,,,,,,,,,,,,,,,,,,,,,,,,,,,,,,,,,,,,,,,,,,,,,
Timor-Leste,TLS,,,,,,,,,,,,,,,,,,,,,,,,,,,,,,,,,8.87476,,,,,,,16.60396,18.14971,,,,,,
Middle East & North Africa (IDA & IBRD countries),TMN,,,,,,,,,,,,,,,,,,,,,,,,,,,,,,,,,,,,,,,,,,,,,,,
Tonga,TON,0,,,,,,,,2.17731,1.87067,,7.12303,,,6.38738,6.34449,,,,,,,,,,,,,,3.47328,4.85688,4.16782,5.57621,6.3486,,,,,,,,,,,,,
South Asia (IDA & IBRD),TSA,,,,,,,,,,,,,,,,,,,,,,,,,,,,,,,,,,,,,,,,,,,,,,,
Sub-Saharan Africa (IDA & IBRD countries),TSS,,,,,,,,,,,,,,,,,,,,,,,,,,,,,,,,,,,,,,,,,,,,,,,
Trinidad and Tobago,TTO,,2.46946,2.59821,2.61081,2.64464,2.69033,4.36245,4.41277,4.37026,4.1362,4.42132,4.2984,4.31021,3.89914,3.77576,4.45859,5.43083,5.72984,5.73621,6.64508,,6.61478,6.75879,7.28346,,,,,,6.20183,6.06039,6.43571,8.70301,8.77739,11.95117,,,,,,,,,,,,
Tunisia,TUN,,2.80789,2.70697,2.40288,2.49859,2.6633,3.72277,4.06493,4.61048,4.88776,4.97602,5.10171,5.09938,5.10946,5.136,5.46795,5.70803,5.47674,5.77202,7.07957,8.04693,8.69937,9.51715,10.82351,11.66698,12.24032,13.14873,13.89452,15.27016,16.90849,19.23327,21.73063,23.32334,27.50217,29.95464,31.82478,32.49909,32.71139,33.7113,34.85929,35.16515,34.82738,35.177,34.14353,34.58367,34.60658,
Turkey,TUR,,5.09698,4.82702,4.70483,4.91565,6.84518,8.31817,8.98263,8.79825,8.14436,6.58235,5.67752,5.76113,6.26901,7.31776,8.9499,9.8971,10.42126,10.78531,11.71824,13.16993,14.03626,14.80211,16.48179,19.96377,20.09949,,23.67654,22.92596,23.51168,,25.26073,26.20022,29.83296,30.62769,32.7532,36.57899,38.48064,39.92818,46.21384,55.99906,60.72561,69.30195,78.98195,86.30901,,
Tuvalu,TUV,,,,,,,,,,,,,,,,,,,,,,,,,,,,,,,,,,,,,,,,,,,,,,,
Tanzania,TZA,0.17466,0.18562,0.21896,0.23937,0.26705,0.23293,0.22843,0.18148,0.33879,0.26931,,,0.26414,0.26439,0.26873,0.26493,0.26258,0.30968,,0.251,,0.33229,0.34269,0.38661,0.41604,0.48935,0.54944,0.63718,0.55211,0.63376,0.67534,0.69354,0.72577,0.93054,1.25538,1.46945,,,,,2.13057,,3.93347,3.64732,,,
Uganda,UGA,0.53606,0.54385,0.62626,,0.61412,0.57954,0.52884,0.63178,0.66548,0.58793,0.54006,0.5869,0.63545,,,0.79646,0.83878,0.9189,1.00178,1.00517,1.14888,1.34061,1.31197,1.42589,1.57661,1.67007,1.85078,,,1.95575,2.59227,2.80512,3.46714,3.70269,3.57873,,3.49909,,3.82527,4.2547,4.00163,4.48339,,,,,
Ukraine,UKR,,40.93527,,,,,37.82691,,,,,43.02597,43.25962,44.14498,45.45246,47.09761,47.84671,,49.12523,48.81132,48.66106,46.8723,45.38402,42.51532,40.33372,42.25473,42.4596,,45.3676,47.20246,48.70301,51.86708,56.43218,60.8454,66.0019,71.11182,76.85526,80.90347,83.53666,84.1975,81.93352,83.32034,82.12613,80.07086,82.30503,,
Upper middle income,UMC,6.41328,6.40143,6.4857,6.68604,7.10369,7.67602,8.0117,8.23866,8.45158,8.83474,9.01435,9.26815,9.5238,9.54212,10.00267,10.22352,10.05382,9.98385,9.85484,9.77309,9.79772,9.89817,9.89815,10.01662,10.67704,11.7331,12.33897,13.65351,14.49181,15.92795,17.31057,19.57785,21.93716,24.29579,25.81935,27.12185,28.37346,29.29444,30.26584,31.51464,32.97221,34.37563,36.38201,38.76767,43.85277,,
Uruguay,URY,,,,,12.30308,15.09217,,17.60001,,16.55468,15.53693,17.14354,22.38233,24.09723,,,,,,29.63374,29.90425,30.00114,27.0842,,,,29.36521,,34.49224,33.68145,34.32303,37.54623,39.26779,41.14994,42.40665,45.33721,46.03178,63.72937,64.60524,63.23542,63.13378,,,,,,
United States,USA,,47.32349,48.16539,48.62375,48.9802,51.00594,54.66892,52.83871,53.28954,52.50314,53.44659,55.52166,56.76656,57.32207,58.13284,57.98939,59.15856,61.80481,64.47327,67.16771,70.75005,72.54711,77.08592,78.6848,78.30894,78.31,77.78187,,70.63163,72.16421,68.13631,68.98013,79.33296,81.31324,81.46356,82.08444,82.053,83.03106,85.00682,88.58174,94.22801,96.3224,94.84228,88.80857,86.66396,85.79578,
Uzbekistan,UZB,,,,,,,,,,,,,,,,,15.08613,,16.01521,16.32584,17.18519,17.2017,16.66872,,,,,,,13.14089,13.17133,13.48433,13.90909,14.03504,14.20649,10.10572,10.28675,10.16694,10.16852,9.9502,9.39877,8.93419,8.24954,8.43387,8.57405,8.78775,
St. Vincent and the Grenadines,VCT,,,,,,,,,,3.10303,2.51897,,,,,,6.29867,6.80418,,,6.17194,,,,,,,,,,,,,,,,,,,,,,,,,,
"Venezuela, RB",VEN,,9.49952,11.13657,12.52935,13.55459,15.16958,16.56381,,18.89336,19.15078,19.39067,18.88545,19.43108,19.69576,20.55647,20.27512,23.13465,22.56139,23.73263,25.33057,26.76816,27.81997,27.75616,,,,,,,,28.52666,,38.24083,39.73891,41.55096,,,,77.45735,76.97959,,,,,,,
British Virgin Islands,VGB,,,,,,,,,,,,,,,,,,,,,,,,,,,,,,,,,,,,,,,,,,,,,,,
Virgin Islands (U.S.),VIR,,,,,,,,,,,,,,,,,,,,,,,,,,,,,,,,,,,,,,,,,,,,,,,
Vietnam,VNM,,,,,,,1.68889,2.01844,2.37529,2.56513,2.4306,2.03054,,,,,1.92768,,,2.66287,2.76207,1.88979,1.53178,1.92869,2.18396,2.79041,4.0414,6.84295,9.63863,10.58687,9.41248,9.47065,9.73082,10.1185,,16.05287,16.67087,18.36364,18.94575,20.10992,22.68768,24.80246,25.02092,25.01013,30.47774,28.83565,
Vanuatu,VUT,,,,,,,,,,,,,,,,,,,,,,,,,,,,,,3.88637,3.82954,3.77327,4.78405,4.69175,4.7444,,,,,,,,,,,,
World,WLD,10.09728,9.96704,10.15634,10.39198,10.71769,11.20223,11.71037,11.79178,12.07812,12.23111,12.3932,12.69772,12.84775,12.98958,13.37846,13.43309,13.33407,13.4344,13.31705,13.44621,13.6571,13.83863,14.06364,14.42779,14.95103,15.55959,16.12062,16.83604,17.27212,18.32319,19.03683,20.06407,21.63467,22.77792,23.58904,24.28064,25.0345,25.88924,26.92312,27.93271,29.35946,31.05365,32.17895,32.78084,34.45303,,
Samoa,WSM,0.95214,0.99231,,1.61097,,1.68825,,2.66255,2.74992,,,3.72276,,3.10961,,,,,,,,,,,,,,,9.08979,11.76434,7.56238,,,,,,,,,,,,,,,,
Kosovo,XKX,,,,,,,,,,,,,,,,,,,,,,,,,,,,,,,,,,,,,,,,,,,,,,,
"Yemen, Rep.",YEM,,,,,,,,,,,,,,,,,,,,,,,4.8302,,,,,4.74905,,10.46579,,,10.63117,10.16549,9.66488,9.61512,9.2406,10.45038,10.61478,11.13156,10.57348,9.9746,,,,,
South Africa,ZAF,4.01549,,,4.23153,,,,,,,,,,,,,,,10.91753,11.80896,11.95266,12.31849,12.52709,13.736,14.98787,,,,,,,,,,,,,,,,,,18.99404,19.66282,19.37507,,
Zambia,ZMB,0.39227,,,,1.13517,1.96719,1.98648,1.53894,1.53674,1.48569,,1.41089,1.44798,1.51249,1.44859,,2.21409,1.92294,2.10755,1.97712,2.02137,,,,,,,,2.24731,2.21834,,,,,,,,,,,,,,,,,
Zimbabwe,ZWE,,1.71844,1.66886,1.67313,1.54844,1.58417,1.61328,1.49895,1.45831,1.38192,1.32372,1.85371,2.15425,1.38686,1.55372,1.7867,2.16041,,,5.76371,4.99684,5.12702,5.89302,,,,,,,,,,,,,,,,,,5.9056,5.82376,5.86867,5.87175,,8.43327,